,Date,Day,Territory,Menu Item,Price (PKR),Price (USD),Category,Menu
1,2023/10/26,Thu,Pakistan,1 Spicy McCrispy + 1 Regular Drink,302.00,1.08,Delivery Exclusive,Regular
2,2023/10/26,Thu,Pakistan,Any 2 Regular Shakes,345.00,1.23,Delivery Exclusive,Regular
3,2023/10/26,Thu,Pakistan,Any 2 Regular Shakes,345.00,1.23,Delivery Exclusive,Breakfast
4,2023/10/26,Thu,Pakistan,McFlurry - Fudge Brownie,483.00,1.72,★What's New★,Regular
5,2023/10/26,Thu,Pakistan,1 Spicy McCrispy + 1 Regular Drink,302.00,1.08,Chicken & Fish,Regular
6,2023/10/26,Thu,Pakistan,Hot n Crispy Burger,332.00,1.19,Chicken & Fish,Regular
7,2023/10/26,Thu,Pakistan,Spicy McCrispy,522.00,1.86,Chicken & Fish,Regular
8,2023/10/26,Thu,Pakistan,Chicken Mac,659.00,2.35,Chicken & Fish,Regular
9,2023/10/26,Thu,Pakistan,McChicken ,478.00,1.71,Chicken & Fish,Regular
10,2023/10/26,Thu,Pakistan,Grand Chicken Spicy,823.00,2.94,Chicken & Fish,Regular
11,2023/10/26,Thu,Pakistan,McArabia,543.00,1.94,Chicken & Fish,Regular
12,2023/10/26,Thu,Pakistan,Chicken McNuggets 6 pcs,530.00,1.89,Chicken & Fish,Regular
13,2023/10/26,Thu,Pakistan,Chicken McNuggets 9 pcs,694.00,2.48,Chicken & Fish,Regular
14,2023/10/26,Thu,Pakistan,Chicken McNuggets 20 pcs,1151.00,4.11,Chicken & Fish,Regular
15,2023/10/26,Thu,Pakistan,Chicken Burger with Cheese,384.00,1.37,Chicken & Fish,Regular
16,2023/10/26,Thu,Pakistan,Mini McArabia,332.00,1.19,Chicken & Fish,Regular
17,2023/10/26,Thu,Pakistan,Cheese Burger,392.00,1.40,Chicken & Fish,Regular
18,2023/10/26,Thu,Pakistan,Filet-O-Fish ,616.00,2.20,Chicken & Fish,Regular
19,2023/10/26,Thu,Pakistan,Garlic Mayo Wrap,401.00,1.43,Chicken & Fish,Regular
20,2023/10/26,Thu,Pakistan,Chipotle Wrap,401.00,1.43,Chicken & Fish,Regular
21,2023/10/26,Thu,Pakistan,BBQ Wrap,401.00,1.43,Chicken & Fish,Regular
22,2023/10/26,Thu,Pakistan,Big Mac,703.00,2.51,Beef,Regular
23,2023/10/26,Thu,Pakistan,Quarter Pounder,703.00,2.51,Beef,Regular
24,2023/10/26,Thu,Pakistan,McRoyale ,703.00,2.51,Beef,Regular
25,2023/10/26,Thu,Pakistan,Double Cheese Burger,651.00,2.32,Beef,Regular
26,2023/10/26,Thu,Pakistan,Spicy McCrispy Double,776.00,2.77,Double Patty Burgers,Regular
27,2023/10/26,Thu,Pakistan,Hot n Crispy Double,345.00,1.23,Double Patty Burgers,Regular
28,2023/10/26,Thu,Pakistan,McChicken Double,603.00,2.15,Double Patty Burgers,Regular
29,2023/10/26,Thu,Pakistan,Double Big Mac,948.00,3.38,Double Patty Burgers,Regular
30,2023/10/26,Thu,Pakistan,Quarter Pounder Double,1034.00,3.69,Double Patty Burgers,Regular
31,2023/10/26,Thu,Pakistan,Filet-O-Fish Double,888.00,3.17,Double Patty Burgers,Regular
32,2023/10/26,Thu,Pakistan,2 Pieces Crispy Chicken,634.00,2.26,Crispy Chicken,Regular
33,2023/10/26,Thu,Pakistan,3 Pieces Spicy Chicken with Regular Fries & Drink,806.00,2.88,Crispy Chicken,Regular
34,2023/10/26,Thu,Pakistan,3 Pieces Crispy Chicken,806.00,2.88,Crispy Chicken,Regular
35,2023/10/26,Thu,Pakistan,9pcs Spicy Chicken Bucket Meal,2013.00,7.19,Crispy Chicken,Regular
36,2023/10/26,Thu,Pakistan,9pcs Crispy Chicken Bucket Meal,2013.00,7.19,Crispy Chicken,Regular
37,2023/10/26,Thu,Pakistan,9pcs Spicy Chicken Bucket Meal,2013.00,7.19,Share Bag,Regular
38,2023/10/26,Thu,Pakistan,9pcs Crispy Chicken Bucket Meal,2013.00,7.19,Share Bag,Regular
39,2023/10/26,Thu,Pakistan,Happy Meal Beef Burger ,530.00,1.89,Happy Meals,Regular
40,2023/10/26,Thu,Pakistan,Happy Meal Cheese Burger,569.00,2.03,Happy Meals,Regular
41,2023/10/26,Thu,Pakistan,Happy Meal Chicken Burger ,569.00,2.03,Happy Meals,Regular
42,2023/10/26,Thu,Pakistan,Happy Meal 4pcs Chicken McNuggets,569.00,2.03,Happy Meals,Regular
43,2023/10/26,Thu,Pakistan,McFlurry - Fudge Brownie,483.00,1.72,Desserts,Regular
44,2023/10/26,Thu,Pakistan,Double Chocolate Pie,375.00,1.34,Desserts,Regular
45,2023/10/26,Thu,Pakistan,McFlurry - Oreo,435.00,1.55,Desserts,Regular
46,2023/10/26,Thu,Pakistan,Chocolate Sundae,375.00,1.34,Desserts,Regular
47,2023/10/26,Thu,Pakistan,Strawberry Sundae,375.00,1.34,Desserts,Regular
48,2023/10/26,Thu,Pakistan,Apple Pie,375.00,1.34,Desserts,Regular
49,2023/10/26,Thu,Pakistan,Any 2 Regular Shakes,345.00,1.23,Beverages,Regular
50,2023/10/26,Thu,Pakistan,Cardamom Tea,289.00,1.03,Beverages,Regular
51,2023/10/26,Thu,Pakistan,Regular Tea,254.00,0.91,Beverages,Regular
52,2023/10/26,Thu,Pakistan,Green Tea,203.00,0.72,Beverages,Regular
53,2023/10/26,Thu,Pakistan,Orange Juice,332.00,1.19,Beverages,Regular
54,2023/10/26,Thu,Pakistan,Vanila Shake,375.00,1.34,Beverages,Regular
55,2023/10/26,Thu,Pakistan,Chocolate Shake,375.00,1.34,Beverages,Regular
56,2023/10/26,Thu,Pakistan,Strawberry Shake,375.00,1.34,Beverages,Regular
57,2023/10/26,Thu,Pakistan,McFizz Strawberry,289.00,1.03,Beverages,Regular
58,2023/10/26,Thu,Pakistan,Coke,203.00,0.72,Beverages,Regular
59,2023/10/26,Thu,Pakistan,Sprite,203.00,0.72,Beverages,Regular
60,2023/10/26,Thu,Pakistan,Fanta,203.00,0.72,Beverages,Regular
61,2023/10/26,Thu,Pakistan,Coke Zero,203.00,0.72,Beverages,Regular
62,2023/10/26,Thu,Pakistan,Bottled Water,39.00,0.14,Beverages,Regular
63,2023/10/26,Thu,Pakistan,Regular Fries,289.00,1.03,Fries & Sides,Regular
64,2023/10/26,Thu,Pakistan,Chicken McNuggets 6 pcs,530.00,1.89,Fries & Sides,Regular
65,2023/10/26,Thu,Pakistan,Chicken McNuggets 9 pcs,694.00,2.48,Fries & Sides,Regular
66,2023/10/26,Thu,Pakistan,Chicken McNuggets 20 pcs,1151.00,4.11,Fries & Sides,Regular
67,2023/10/26,Thu,Pakistan,Chocolate Lava Cake,315.00,1.12,McCafé Bakery,Regular
68,2023/10/26,Thu,Pakistan,Red Velvet Lave Cake,315.00,1.12,McCafé Bakery,Regular
69,2023/10/26,Thu,Pakistan,Oreo Cheese Cake,504.00,1.80,McCafé Bakery,Regular
70,2023/10/26,Thu,Pakistan,Caramel Cake,504.00,1.80,McCafé Bakery,Regular
71,2023/10/26,Thu,Pakistan,Red Velvet Cheese Cake,504.00,1.80,McCafé Bakery,Regular
72,2023/10/26,Thu,Pakistan,Chocolate Fudge Cake,504.00,1.80,McCafé Bakery,Regular
73,2023/10/26,Thu,Pakistan,6pcs Donuts,1323.00,4.72,McCafé Bakery,Regular
74,2023/10/26,Thu,Pakistan,Boston Cream,263.00,0.94,McCafé Bakery,Regular
75,2023/10/26,Thu,Pakistan,Chocolate Fudge,263.00,0.94,McCafé Bakery,Regular
76,2023/10/26,Thu,Pakistan,Caramel Cream,263.00,0.94,McCafé Bakery,Regular
77,2023/10/26,Thu,Pakistan,Vanilla Sprinkle,263.00,0.94,McCafé Bakery,Regular
78,2023/10/26,Thu,Pakistan,Chocolate Sprinkle,263.00,0.94,McCafé Bakery,Regular
79,2023/10/26,Thu,Pakistan,Caramel Ring,263.00,0.94,McCafé Bakery,Regular
80,2023/10/26,Thu,Pakistan,Butter Croissant,375.00,1.34,McCafé Bakery,Regular
81,2023/10/26,Thu,Pakistan,Double Chocolate Muffin,375.00,1.34,McCafé Bakery,Regular
82,2023/10/26,Thu,Pakistan,Milk Chocolate Cookie,246.00,0.88,McCafé Bakery,Regular
83,2023/10/26,Thu,Pakistan,Double Chocolate Cookie,246.00,0.88,McCafé Bakery,Regular
84,2023/10/26,Thu,Pakistan,Babyccino,151.00,0.54,McCafé Drinks,Regular
85,2023/10/26,Thu,Pakistan,Espresso - Single Shot,194.00,0.69,McCafé Drinks,Regular
86,2023/10/26,Thu,Pakistan,Macchiato,194.00,0.69,McCafé Drinks,Regular
87,2023/10/26,Thu,Pakistan,Cappuccino,427.00,1.52,McCafé Drinks,Regular
88,2023/10/26,Thu,Pakistan,Latte,427.00,1.52,McCafé Drinks,Regular
89,2023/10/26,Thu,Pakistan,Mochaccino,461.00,1.65,McCafé Drinks,Regular
90,2023/10/26,Thu,Pakistan,Hazelnut Latte,444.00,1.58,McCafé Drinks,Regular
91,2023/10/26,Thu,Pakistan,Hot Chocolate,461.00,1.65,McCafé Drinks,Regular
92,2023/10/26,Thu,Pakistan,Caramel Latte,444.00,1.58,McCafé Drinks,Regular
93,2023/10/26,Thu,Pakistan,Americano,332.00,1.19,McCafé Drinks,Regular
94,2023/10/26,Thu,Pakistan,Vanilla Frappe,608.00,2.17,McCafé Drinks,Regular
95,2023/10/26,Thu,Pakistan,Chocolate Frappe,608.00,2.17,McCafé Drinks,Regular
96,2023/10/26,Thu,Pakistan,Chocolate Oreo Frappe,608.00,2.17,McCafé Drinks,Regular
97,2023/10/26,Thu,Pakistan,Mocha Frappe,625.00,2.23,McCafé Drinks,Regular
98,2023/10/26,Thu,Pakistan,Iced Latte,478.00,1.71,McCafé Drinks,Regular
99,2023/10/26,Thu,Pakistan,Caramel Iced Latte,478.00,1.71,McCafé Drinks,Regular
100,2023/10/26,Thu,Pakistan,Hazelnut Iced Latte,478.00,1.71,McCafé Drinks,Regular
101,2023/10/26,Thu,Pakistan,Ice Tea Rasberry,435.00,1.55,McCafé Drinks,Regular
102,2023/10/26,Thu,Pakistan,Ice Tea Peach,435.00,1.55,McCafé Drinks,Regular
103,2023/10/26,Thu,Pakistan,Ice Tea Lemon,435.00,1.55,McCafé Drinks,Regular
104,2023/10/26,Thu,Pakistan,Ice Tea Mango,435.00,1.55,McCafé Drinks,Regular
105,2023/10/26,Thu,Pakistan,Garlic Mayo Sauce,43.00,0.15,Condiments,Regular
106,2023/10/26,Thu,Pakistan,Chilli Mayo Sauce,43.00,0.15,Condiments,Regular
107,2023/10/26,Thu,Pakistan,BBQ Sauce,43.00,0.15,Condiments,Regular
108,2023/10/26,Thu,Pakistan,Toasted Pita Bread,30.00,0.11,Condiments,Regular
109,2023/10/26,Thu,Pakistan,McFlurry - Fudge Brownie,483.00,1.72,★What's New★,Breakfast
110,2023/10/26,Thu,Pakistan,Hazelnut Latte,444.00,1.58,★What's New★,Breakfast
111,2023/10/26,Thu,Pakistan,Caramel Latte,444.00,1.58,★What's New★,Breakfast
112,2023/10/26,Thu,Pakistan,Chicken Sausage Muffin,461.00,1.65,Breakfast Meals,Breakfast
113,2023/10/26,Thu,Pakistan,Chicken Sausage Muffin with Egg,504.00,1.80,Breakfast Meals,Breakfast
114,2023/10/26,Thu,Pakistan,Egg Muffin,418.00,1.49,Breakfast Meals,Breakfast
115,2023/10/26,Thu,Pakistan,Egg & Cheese Muffin,332.00,1.19,Breakfast Meals,Breakfast
116,2023/10/26,Thu,Pakistan,Chicken Muffin,349.00,1.25,Breakfast Meals,Breakfast
117,2023/10/26,Thu,Pakistan,Omelette Muffin,375.00,1.34,Breakfast Meals,Breakfast
118,2023/10/26,Thu,Pakistan,Hot Cakes 3pc,504.00,1.80,Breakfast Meals,Breakfast
119,2023/10/26,Thu,Pakistan,Hot Cakes,246.00,0.88,Breakfast Meals,Breakfast
120,2023/10/26,Thu,Pakistan,Omelette N’ Tomato Wrap,332.00,1.19,Breakfast Wraps,Breakfast
121,2023/10/26,Thu,Pakistan,Happy Meal Breakfast,569.00,2.03,Happy Meals,Breakfast
122,2023/10/26,Thu,Pakistan,McFlurry - Fudge Brownie,483.00,1.72,Desserts,Breakfast
123,2023/10/26,Thu,Pakistan,Double Chocolate Pie,375.00,1.34,Desserts,Breakfast
124,2023/10/26,Thu,Pakistan,McFlurry - Oreo,435.00,1.55,Desserts,Breakfast
125,2023/10/26,Thu,Pakistan,Chocolate Sundae,375.00,1.34,Desserts,Breakfast
126,2023/10/26,Thu,Pakistan,Strawberry Sundae,375.00,1.34,Desserts,Breakfast
127,2023/10/26,Thu,Pakistan,Apple Pie,375.00,1.34,Desserts,Breakfast
128,2023/10/26,Thu,Pakistan,Any 2 Regular Shakes,345.00,1.23,Beverages,Breakfast
129,2023/10/26,Thu,Pakistan,Cardamom Tea,289.00,1.03,Beverages,Breakfast
130,2023/10/26,Thu,Pakistan,Regular Tea,254.00,0.91,Beverages,Breakfast
131,2023/10/26,Thu,Pakistan,Green Tea,203.00,0.72,Beverages,Breakfast
132,2023/10/26,Thu,Pakistan,Orange Juice,332.00,1.19,Beverages,Breakfast
133,2023/10/26,Thu,Pakistan,Vanila Shake,375.00,1.34,Beverages,Breakfast
134,2023/10/26,Thu,Pakistan,Chocolate Shake,375.00,1.34,Beverages,Breakfast
135,2023/10/26,Thu,Pakistan,Strawberry Shake,375.00,1.34,Beverages,Breakfast
136,2023/10/26,Thu,Pakistan,McFizz Strawberry,289.00,1.03,Beverages,Breakfast
137,2023/10/26,Thu,Pakistan,Coke,203.00,0.72,Beverages,Breakfast
138,2023/10/26,Thu,Pakistan,Sprite,203.00,0.72,Beverages,Breakfast
139,2023/10/26,Thu,Pakistan,Fanta,203.00,0.72,Beverages,Breakfast
140,2023/10/26,Thu,Pakistan,Coke Zero,203.00,0.72,Beverages,Breakfast
141,2023/10/26,Thu,Pakistan,Bottled Water,39.00,0.14,Beverages,Breakfast
142,2023/10/26,Thu,Pakistan,Hot Cakes 3pc,504.00,1.80,Sides,Breakfast
143,2023/10/26,Thu,Pakistan,Chocolate Lava Cake,315.00,1.12,McCafé Bakery,Breakfast
144,2023/10/26,Thu,Pakistan,Red Velvet Lave Cake,315.00,1.12,McCafé Bakery,Breakfast
145,2023/10/26,Thu,Pakistan,Oreo Cheese Cake,504.00,1.80,McCafé Bakery,Breakfast
146,2023/10/26,Thu,Pakistan,Caramel Cake,504.00,1.80,McCafé Bakery,Breakfast
147,2023/10/26,Thu,Pakistan,Red Velvet Cheese Cake,504.00,1.80,McCafé Bakery,Breakfast
148,2023/10/26,Thu,Pakistan,Chocolate Fudge Cake,504.00,1.80,McCafé Bakery,Breakfast
149,2023/10/26,Thu,Pakistan,6pcs Donuts,1323.00,4.72,McCafé Bakery,Breakfast
150,2023/10/26,Thu,Pakistan,Boston Cream,263.00,0.94,McCafé Bakery,Breakfast
151,2023/10/26,Thu,Pakistan,Chocolate Fudge,263.00,0.94,McCafé Bakery,Breakfast
152,2023/10/26,Thu,Pakistan,Caramel Cream,263.00,0.94,McCafé Bakery,Breakfast
153,2023/10/26,Thu,Pakistan,Vanilla Sprinkle,263.00,0.94,McCafé Bakery,Breakfast
154,2023/10/26,Thu,Pakistan,Chocolate Sprinkle,263.00,0.94,McCafé Bakery,Breakfast
155,2023/10/26,Thu,Pakistan,Caramel Ring,263.00,0.94,McCafé Bakery,Breakfast
156,2023/10/26,Thu,Pakistan,Butter Croissant,375.00,1.34,McCafé Bakery,Breakfast
157,2023/10/26,Thu,Pakistan,Double Chocolate Muffin,375.00,1.34,McCafé Bakery,Breakfast
158,2023/10/26,Thu,Pakistan,Milk Chocolate Cookie,246.00,0.88,McCafé Bakery,Breakfast
159,2023/10/26,Thu,Pakistan,Double Chocolate Cookie,246.00,0.88,McCafé Bakery,Breakfast
160,2023/10/26,Thu,Pakistan,Babyccino,151.00,0.54,McCafé Drinks,Breakfast
161,2023/10/26,Thu,Pakistan,Espresso - Single Shot,194.00,0.69,McCafé Drinks,Breakfast
162,2023/10/26,Thu,Pakistan,Macchiato,194.00,0.69,McCafé Drinks,Breakfast
163,2023/10/26,Thu,Pakistan,Cappuccino,427.00,1.52,McCafé Drinks,Breakfast
164,2023/10/26,Thu,Pakistan,Latte,427.00,1.52,McCafé Drinks,Breakfast
165,2023/10/26,Thu,Pakistan,Mochaccino,461.00,1.65,McCafé Drinks,Breakfast
166,2023/10/26,Thu,Pakistan,Hazelnut Latte,444.00,1.58,McCafé Drinks,Breakfast
167,2023/10/26,Thu,Pakistan,Hot Chocolate,461.00,1.65,McCafé Drinks,Breakfast
168,2023/10/26,Thu,Pakistan,Caramel Latte,444.00,1.58,McCafé Drinks,Breakfast
169,2023/10/26,Thu,Pakistan,Americano,332.00,1.19,McCafé Drinks,Breakfast
170,2023/10/26,Thu,Pakistan,Vanilla Frappe,608.00,2.17,McCafé Drinks,Breakfast
171,2023/10/26,Thu,Pakistan,Chocolate Frappe,608.00,2.17,McCafé Drinks,Breakfast
172,2023/10/26,Thu,Pakistan,Chocolate Oreo Frappe,608.00,2.17,McCafé Drinks,Breakfast
173,2023/10/26,Thu,Pakistan,Mocha Frappe,625.00,2.23,McCafé Drinks,Breakfast
174,2023/10/26,Thu,Pakistan,Iced Latte,478.00,1.71,McCafé Drinks,Breakfast
175,2023/10/26,Thu,Pakistan,Caramel Iced Latte,478.00,1.71,McCafé Drinks,Breakfast
176,2023/10/26,Thu,Pakistan,Hazelnut Iced Latte,478.00,1.71,McCafé Drinks,Breakfast
177,2023/10/26,Thu,Pakistan,Ice Tea Rasberry,435.00,1.55,McCafé Drinks,Breakfast
178,2023/10/26,Thu,Pakistan,Ice Tea Peach,435.00,1.55,McCafé Drinks,Breakfast
179,2023/10/26,Thu,Pakistan,Ice Tea Lemon,435.00,1.55,McCafé Drinks,Breakfast
180,2023/10/26,Thu,Pakistan,Ice Tea Mango,435.00,1.55,McCafé Drinks,Breakfast
