...1,Date,Day,Territory,Menu Item,Price (INR),Price (USD),Category
1,2023-11-03,Fri,India,2 Cheesy Italian Chicken + Fries (L) + 2 Coke,529.04,6.36,Match Time Sharers
2,2023-11-03,Fri,India,2 Cheesy Italian Veg + Fries (L) + 2 Coke,499.16,6,Match Time Sharers
3,2023-11-03,Fri,India,Chicken Nuggets Bucket – 27 Pc,570.48,6.86,Match Time Sharers
4,2023-11-03,Fri,India,Fries Bucket,284.76,3.42,Match Time Sharers
5,2023-11-03,Fri,India,2 McCheese Burger Veg + Fries (L) + 2 Coke,619.42,7.45,Match Time Sharers
6,2023-11-03,Fri,India,2 McCheese Burger Chicken + Fries (L)  + 2 Coke,648.88,7.8,Match Time Sharers
7,2023-11-03,Fri,India,2 Corn and Cheese Burger + Fries (L) + 2 Coke,419.25,5.04,Match Time Sharers
8,2023-11-03,Fri,India,2 Grilled Chicken and Cheese Burger + Fries (L) + 2 Coke,469.38,5.65,Match Time Sharers
9,2023-11-03,Fri,India,2 McSpicy Chicken Burger + Fries (L) + 2 Coke,490.48,5.9,Match Time Sharers
10,2023-11-03,Fri,India,2 McVeggie Burger + Fries (L) + 2 Coke,388.58,4.67,Match Time Sharers
11,2023-11-03,Fri,India,2 McChicken Burger + Fries (L) + 2 Coke,388.58,4.67,Match Time Sharers
12,2023-11-03,Fri,India,Corn & Cheese Burger +McVeggie Burger+Fries (M),329.52,3.96,Match Time Sharers
13,2023-11-03,Fri,India,McVeggie Burger + 2 Fries (M) + McAloo Tikki+ Veg Pizza McPuff,306.67,3.69,Match Time Sharers
14,2023-11-03,Fri,India,2 McSpicy Chicken Burger  + 2 Fries (M)  + Veg Pizza McPuff,491.43,5.91,Match Time Sharers
15,2023-11-03,Fri,India,2 McChicken Burger + 2 Fries (M) + Veg Pizza McPuff,388.57,4.67,Match Time Sharers
16,2023-11-03,Fri,India,McSpicy Paneer Burger + Fries (L) + 2 Coke + McAloo Tikki Burger,388.58,4.67,Match Time Sharers
17,2023-11-03,Fri,India,McVeggie Burger + Fries (L) + 2 Coke + McAloo Tikki Burger,337.15,4.05,Match Time Sharers
18,2023-11-03,Fri,India,2 McVeggie Burger + 2 Fries (M) + Veg Pizza McPuff,388.57,4.67,Match Time Sharers
19,2023-11-03,Fri,India,2 Chicken Maharaja Mac + 2 Coke + Fries (L) + McFlurry Oreo (M),610.48,7.34,Match Time Sharers
20,2023-11-03,Fri,India,2 McAloo Tikki + 2 Fries (L),317.14,3.81,Match Time Sharers
21,2023-11-03,Fri,India,McSpicy Paneer Burger + 2 Fries M + McAloo Tikki + Veg Pizza McPuff,387.62,4.66,Match Time Sharers
22,2023-11-03,Fri,India,McSpicy Chicken Burger + McChicken Burger + Fries (M),373.33,4.49,Match Time Sharers
23,2023-11-03,Fri,India,6 Pc Nuggets + McChicken + Coke,325.77,3.92,Match Time Sharers
24,2023-11-03,Fri,India,Corn and Cheese Burger + Coke + Fries (M) + Veg Pizza McPuff,354.29,4.26,Match Time Meals
25,2023-11-03,Fri,India,Corn & Cheese Burger + Fries (R),180,2.16,Match Time Meals
26,2023-11-03,Fri,India,Grilled Chicken & Cheese Burger + Coke,215.24,2.59,Match Time Meals
27,2023-11-03,Fri,India,Corn & Cheese Burger + Coke,225.72,2.71,Match Time Meals
28,2023-11-03,Fri,India,Grilled Chicken & Cheese Burger + Veg Pizza McPuff,169.52,2.04,Match Time Meals
29,2023-11-03,Fri,India,Corn & Cheese Burger + Veg Pizza McPuff,173.33,2.08,Match Time Meals
30,2023-11-03,Fri,India,McChicken Burger + Fries (L),226.67,2.73,Match Time Meals
31,2023-11-03,Fri,India,McSpicy Paneer + Fries (M) + Piri Piri Spice Mix,258.1,3.1,Match Time Meals
32,2023-11-03,Fri,India,McAloo Tikki + Veg Pizza McPuff + Fries (R),158.1,1.9,Match Time Meals
33,2023-11-03,Fri,India,McVeggie Burger + Veg Pizza McPuff + Fries (L),264.76,3.18,Match Time Meals
34,2023-11-03,Fri,India,Strawberry Shake + Fries (M),195.24,2.35,Match Time Meals
35,2023-11-03,Fri,India,Mexican McAloo Tikki Burger + Fries (R),115.24,1.39,Match Time Meals
36,2023-11-03,Fri,India,McChicken Burger + Fries (R),175.24,2.11,Match Time Meals
37,2023-11-03,Fri,India,McVeggie Burger + Veg Pizza McPuff,170.48,2.05,Match Time Meals
38,2023-11-03,Fri,India,Chicken McNuggets 6 Pc + Fries (M) + Piri Piri Spice Mix,244.82,2.94,Match Time Meals
39,2023-11-03,Fri,India,Chocolate Shake + Fries (M),195.24,2.35,Match Time Meals
40,2023-11-03,Fri,India,McSpicy Chicken + Mexican Cheesy Fries,258.1,3.1,Match Time Meals
41,2023-11-03,Fri,India,McSpicy Chicken + Fries (M) + Piri Piri Spice Mix,272.38,3.28,Match Time Meals
42,2023-11-03,Fri,India,McSpicy Paneer + Mexican Cheesy Fries,258.1,3.1,Match Time Meals
43,2023-11-03,Fri,India,Pizza Mc Puff + McSpicy Chicken,188.57,2.27,Match Time Meals
44,2023-11-03,Fri,India,McSaver Masala McEgg,75.24,0.9,Match Time Meals
45,2023-11-03,Fri,India,McSaver Pizza McPuff,103.81,1.25,Match Time Meals
46,2023-11-03,Fri,India,McSaver Mexican McAloo Tikki,103.81,1.25,Match Time Meals
47,2023-11-03,Fri,India,McAloo Tikki Burger + Veg Pizza McPuff + Piri Piri Spice Mix,126.67,1.52,Match Time Meals
48,2023-11-03,Fri,India,McVeggie + Fries (M),189.52,2.28,Match Time Meals
49,2023-11-03,Fri,India,Mexican McAloo Tikki Burger + Fries (L),173.33,2.08,Match Time Meals
50,2023-11-03,Fri,India,McVeggie Burger + Fries (M) + Piri Piri Mix,231.43,2.78,Match Time Meals
51,2023-11-03,Fri,India,McVeggie Burger + Fries (R),175.24,2.11,Match Time Meals
52,2023-11-03,Fri,India,McSaver Small Fries,103.81,1.25,Match Time Meals
53,2023-11-03,Fri,India,McSaver Chicken Nuggets (4 Pc),103.81,1.25,Match Time Meals
54,2023-11-03,Fri,India,McSaver McAloo Tikki,103.81,1.25,Match Time Meals
55,2023-11-03,Fri,India,McChicken + Fries (M),189.52,2.28,Match Time Meals
56,2023-11-03,Fri,India,McVeggie Burger + Fries (L),221.9,2.67,Match Time Meals
57,2023-11-03,Fri,India,McAloo Tikki + Fries (R),106.67,1.28,Match Time Meals
58,2023-11-03,Fri,India,McChicken + McSpicy Chicken Burger,289.52,3.48,Match Time Meals
59,2023-11-03,Fri,India,McVeggie + McAloo Tikki Burger,180,2.16,Match Time Meals
60,2023-11-03,Fri,India,McAloo Tikki + Veg Pizza McPuff + Coke,160.96,1.94,Match Time Meals
61,2023-11-03,Fri,India,McChicken Burger + Veg Pizza McPuff,170.48,2.05,Match Time Meals
62,2023-11-03,Fri,India,2 McFlurry Oreo (S),155.24,1.87,Match Time Meals
63,2023-11-03,Fri,India,2 McVeggie Burger,249.52,3,Match Time Meals
64,2023-11-03,Fri,India,2 Iced Coffee,200,2.41,Match Time Meals
65,2023-11-03,Fri,India,2 Coke,162.86,1.96,Match Time Meals
66,2023-11-03,Fri,India,2 Fries (R),111.43,1.34,Match Time Meals
67,2023-11-03,Fri,India,2 Soft Serve Hot Fudge (M),155.24,1.87,Match Time Meals
68,2023-11-03,Fri,India,2 Cappuccino,195.24,2.35,Match Time Meals
69,2023-11-03,Fri,India,Cheesy Veg Nuggets 9 pc + Fries (M),255.24,3.07,Match Time Meals
70,2023-11-03,Fri,India,Black Forest Mcflurry (M) BOGO,115.24,1.39,Match Time Meals
71,2023-11-03,Fri,India,McSaver McCheese Burger Veg Meal,384.76,4.63,Veg Specials
72,2023-11-03,Fri,India,Cheesy Veg Nuggets - 4 Pc,94.29,1.13,Veg Specials
73,2023-11-03,Fri,India,Cheesy Veg Nuggets - 9 Pc,199.05,2.39,Veg Specials
74,2023-11-03,Fri,India,Cheesy Veg Nuggets - 2 Pc,51.43,0.62,Veg Specials
75,2023-11-03,Fri,India,McCheese Burger Veg,261.9,3.15,Veg Specials
76,2023-11-03,Fri,India,Classic Cheesy Dip,14.29,0.17,Veg Specials
77,2023-11-03,Fri,India,Cheesy Italian Veg Burger,170.48,2.05,Burgers & Wraps
78,2023-11-03,Fri,India,Cheesy Italian Chicken Burger,175.24,2.11,Burgers & Wraps
79,2023-11-03,Fri,India,McCheese Burger Chicken,280.95,3.38,Burgers & Wraps
80,2023-11-03,Fri,India,Grilled Chicken & Cheese Burger,163.81,1.97,Burgers & Wraps
81,2023-11-03,Fri,India,Corn & Cheese Burger,144.76,1.74,Burgers & Wraps
82,2023-11-03,Fri,India,McSpicy Premium Chicken Burger,260,3.13,Burgers & Wraps
83,2023-11-03,Fri,India,McSpicy Premium Veg Burger,248.57,2.99,Burgers & Wraps
84,2023-11-03,Fri,India,McAloo Tikki Burger,65.71,0.79,Burgers & Wraps
85,2023-11-03,Fri,India,McChicken Burger,138.1,1.66,Burgers & Wraps
86,2023-11-03,Fri,India,McVeggie Burger,157.14,1.89,Burgers & Wraps
87,2023-11-03,Fri,India,Filet-O-Fish Burger,184.76,2.22,Burgers & Wraps
88,2023-11-03,Fri,India,Chicken Maharaja Mac,258.1,3.1,Burgers & Wraps
89,2023-11-03,Fri,India,Veg Maharaja Mac,220,2.65,Burgers & Wraps
90,2023-11-03,Fri,India,Mexican McAloo Tikki Burger,74.29,0.89,Burgers & Wraps
91,2023-11-03,Fri,India,Chicken Kebab Burger,111.43,1.34,Burgers & Wraps
92,2023-11-03,Fri,India,Masala McEgg Burger,68.57,0.82,Burgers & Wraps
93,2023-11-03,Fri,India,McSpicy Paneer Burger,200,2.41,Burgers & Wraps
94,2023-11-03,Fri,India,McSpicy Chicken Burger,189.52,2.28,Burgers & Wraps
95,2023-11-03,Fri,India,Big Spicy Chicken Wrap,239.05,2.88,Burgers & Wraps
96,2023-11-03,Fri,India,Big Spicy Paneer Wrap,210.48,2.53,Burgers & Wraps
97,2023-11-03,Fri,India,McCheese Burger Veg,261.9,3.15,Burgers & Wraps
98,2023-11-03,Fri,India,McSaver Cheesy Italian Veg Meal,314.29,3.78,Meals for One
99,2023-11-03,Fri,India,McSaver Cheesy Italian Chicken Meal,327.61,3.94,Meals for One
100,2023-11-03,Fri,India,McSaver McCheese Burger Chicken Meal,384.76,4.63,Meals for One
101,2023-11-03,Fri,India,McSaver McCheese Burger Veg Meal,384.76,4.63,Meals for One
102,2023-11-03,Fri,India,McSaver Corn & Cheese Burger Meal,299.05,3.6,Meals for One
103,2023-11-03,Fri,India,McSaver Grilled Chicken & Cheese Burger Meal,317.14,3.81,Meals for One
104,2023-11-03,Fri,India,McSaver McVeggie Meal,279.05,3.36,Meals for One
105,2023-11-03,Fri,India,McSaver McChicken Meal,304.76,3.67,Meals for One
106,2023-11-03,Fri,India,McSaver Filet-O-Fish Meal,358.1,4.31,Meals for One
107,2023-11-03,Fri,India,McSaver McAloo Tikki Meal,204.76,2.46,Meals for One
108,2023-11-03,Fri,India,McSaver Mexican McAloo Tikki Meal,215.24,2.59,Meals for One
109,2023-11-03,Fri,India,McSaver McSpicy Chicken Meal,328.57,3.95,Meals for One
110,2023-11-03,Fri,India,McSaver McSpicy Paneer Meal,315.24,3.79,Meals for One
111,2023-11-03,Fri,India,McSaver McSpicy Premium Chicken Meal,384.76,4.63,Meals for One
112,2023-11-03,Fri,India,McSaver McSpicy Premium Veg Meal,384.76,4.63,Meals for One
113,2023-11-03,Fri,India,McSaver Veg Maharaja Mac Meal,384.76,4.63,Meals for One
114,2023-11-03,Fri,India,McSaver Chicken Maharaja Mac Meal,384.76,4.63,Meals for One
115,2023-11-03,Fri,India,McSaver Big Spicy Paneer Wrap Meal,400.95,4.82,Meals for One
116,2023-11-03,Fri,India,McSaver Big Spicy Chicken Wrap Meal,412.38,4.96,Meals for One
117,2023-11-03,Fri,India,McSaver Masala McEgg Meal,230.48,2.77,Meals for One
118,2023-11-03,Fri,India,McSaver Chicken Kebab Burger Meal,268.57,3.23,Meals for One
119,2023-11-03,Fri,India,McSaver Chicken McNuggets 9 Pcs Meal,376.3,4.53,Meals for One
120,2023-11-03,Fri,India,McSaver Chicken McNuggets 6 Pcs Meal,345.77,4.16,Meals for One
121,2023-11-03,Fri,India,Festive Sharing Meal for 4 (Premium),1322.86,15.91,"Festive Sharing Meals
"
122,2023-11-03,Fri,India,Festive Sharing Meal for 4,914.3,11,"Festive Sharing Meals
"
123,2023-11-03,Fri,India,Festive Sharing Meal for 3,713.34,8.58,"Festive Sharing Meals
"
124,2023-11-03,Fri,India,Festive Sharing Meal for 2,380,4.57,"Festive Sharing Meals
"
125,2023-11-03,Fri,India,McSaver Chicken Kebab Burger,103.81,1.25,Match Time Meals
126,2023-11-03,Fri,India,Hazelnut Cold Coffee,246.67,2.97,Coffee & Beverages (Hot and Cold)
127,2023-11-03,Fri,India,Hazelnut Cappuccino Reguler,227.62,2.74,Coffee & Beverages (Hot and Cold)
128,2023-11-03,Fri,India,Hazelnut Cappuccino Small,199.04,2.39,Coffee & Beverages (Hot and Cold)
129,2023-11-03,Fri,India,Hazelnut Hot Chocolate Regular,237.13,2.85,Coffee & Beverages (Hot and Cold)
130,2023-11-03,Fri,India,Hazelnut Hot Chocolate Small,204.75,2.46,Coffee & Beverages (Hot and Cold)
131,2023-11-03,Fri,India,Cappuccino (S),164.76,1.98,Coffee & Beverages (Hot and Cold)
132,2023-11-03,Fri,India,Cappuccino (R),200,2.41,Coffee & Beverages (Hot and Cold)
133,2023-11-03,Fri,India,Hot Chocolate (S),183.81,2.21,Coffee & Beverages (Hot and Cold)
134,2023-11-03,Fri,India,Hot Chocolate (R),216.19,2.6,Coffee & Beverages (Hot and Cold)
135,2023-11-03,Fri,India,Latte (S),169.52,2.04,Coffee & Beverages (Hot and Cold)
136,2023-11-03,Fri,India,Latte (R),200,2.41,Coffee & Beverages (Hot and Cold)
137,2023-11-03,Fri,India,Mocha (S),210.48,2.53,Coffee & Beverages (Hot and Cold)
138,2023-11-03,Fri,India,Mocha (R),236.19,2.84,Coffee & Beverages (Hot and Cold)
139,2023-11-03,Fri,India,Berry Lemonade Splash Regular,132.38,1.59,Coffee & Beverages (Hot and Cold)
140,2023-11-03,Fri,India,Green Apple Chiller,180,2.16,Coffee & Beverages (Hot and Cold)
141,2023-11-03,Fri,India,Lemon Chiller,180,2.16,Coffee & Beverages (Hot and Cold)
142,2023-11-03,Fri,India,Chocolate Shake,175.24,2.11,Coffee & Beverages (Hot and Cold)
143,2023-11-03,Fri,India,Strawberry Shake,175.24,2.11,Coffee & Beverages (Hot and Cold)
144,2023-11-03,Fri,India,American Mud Pie,195.24,2.35,Coffee & Beverages (Hot and Cold)
145,2023-11-03,Fri,India,Mango Smoothie,210.48,2.53,Coffee & Beverages (Hot and Cold)
146,2023-11-03,Fri,India,Mixed Berry Smoothie,210.48,2.53,Coffee & Beverages (Hot and Cold)
147,2023-11-03,Fri,India,McCafe-Mocha Frappe,278.1,3.34,Coffee & Beverages (Hot and Cold)
148,2023-11-03,Fri,India,Kit Kat Frappe,256.19,3.08,Coffee & Beverages (Hot and Cold)
149,2023-11-03,Fri,India,McCafe-Ice Coffee,200,2.41,Coffee & Beverages (Hot and Cold)
150,2023-11-03,Fri,India,Mccafe Iced Americano,180,2.16,Coffee & Beverages (Hot and Cold)
151,2023-11-03,Fri,India,McCafe-Chocolate Frappe,278.1,3.34,Coffee & Beverages (Hot and Cold)
152,2023-11-03,Fri,India,Strawberry Chiller,180,2.16,Coffee & Beverages (Hot and Cold)
153,2023-11-03,Fri,India,McCafe Americano (S),169.52,2.04,Coffee & Beverages (Hot and Cold)
154,2023-11-03,Fri,India,McCafe-Classic Coffee,215.24,2.59,Coffee & Beverages (Hot and Cold)
155,2023-11-03,Fri,India,McCafe Americano (R),190.48,2.29,Coffee & Beverages (Hot and Cold)
156,2023-11-03,Fri,India,Moroccan Mint Green Tea,190.48,2.29,Coffee & Beverages (Hot and Cold)
157,2023-11-03,Fri,India,English Breakfast,159.05,1.91,Coffee & Beverages (Hot and Cold)
158,2023-11-03,Fri,India,Flat White,173.33,2.08,Coffee & Beverages (Hot and Cold)
159,2023-11-03,Fri,India,Strawberry Green Tea (S),153.33,1.84,Coffee & Beverages (Hot and Cold)
160,2023-11-03,Fri,India,Coke,102.86,1.24,Coffee & Beverages (Hot and Cold)
161,2023-11-03,Fri,India,Fanta,102.86,1.24,Coffee & Beverages (Hot and Cold)
162,2023-11-03,Fri,India,Sprite,102.86,1.24,Coffee & Beverages (Hot and Cold)
163,2023-11-03,Fri,India,Coke zero can,63.49,0.76,Coffee & Beverages (Hot and Cold)
164,2023-11-03,Fri,India,Chilli Guava Coke,102.86,1.24,Coffee & Beverages (Hot and Cold)
165,2023-11-03,Fri,India,Chilli Guava Sprite,102.86,1.24,Coffee & Beverages (Hot and Cold)
166,2023-11-03,Fri,India,Masala Pop Coke,102.86,1.24,Coffee & Beverages (Hot and Cold)
167,2023-11-03,Fri,India,Masala Pop Sprite,102.86,1.24,Coffee & Beverages (Hot and Cold)
168,2023-11-03,Fri,India,Mixed Fruit Beverage,75.24,0.9,Coffee & Beverages (Hot and Cold)
169,2023-11-03,Fri,India,Vedica Zen Water Bottle,45.36,0.55,Coffee & Beverages (Hot and Cold)
170,2023-11-03,Fri,India,Festive Dip Box,46.66,0.56,Fries & Sides
171,2023-11-03,Fri,India,Tangy Pepper Dip,23.8,0.29,Fries & Sides
172,2023-11-03,Fri,India,Sweet Chilli Dip,23.8,0.29,Fries & Sides
173,2023-11-03,Fri,India,Chicken McNuggets - 20 Pcs,375.4,4.51,Fries & Sides
174,2023-11-03,Fri,India,Chicken McNuggets - 9 Pcs,211.54,2.54,Fries & Sides
175,2023-11-03,Fri,India,Chicken McNuggets - 6 Pcs,179.1,2.15,Fries & Sides
176,2023-11-03,Fri,India,Salsa Cheesy Fries,135.24,1.63,Fries & Sides
177,2023-11-03,Fri,India,Fries (L),139.05,1.67,Fries & Sides
178,2023-11-03,Fri,India,Fries (M),119.05,1.43,Fries & Sides
179,2023-11-03,Fri,India,Fries (R),78.1,0.94,Fries & Sides
180,2023-11-03,Fri,India,Cheesy Veg Nuggets 9 Pc + Piri Piri Spice Mix,223.81,2.69,Fries & Sides
181,2023-11-03,Fri,India,Cheesy Veg Nuggets 4 Pc + Piri Piri Spice Mix,113.33,1.36,Fries & Sides
182,2023-11-03,Fri,India,Cheesy Veg Nuggets - 4 Pc,94.29,1.13,Fries & Sides
183,2023-11-03,Fri,India,Classic Cheesy Fries,145.71,1.75,Fries & Sides
184,2023-11-03,Fri,India,Chicken McNuggets 4 PC,95.24,1.15,Fries & Sides
185,2023-11-03,Fri,India,Veg Pizza McPuff,60.95,0.73,Fries & Sides
186,2023-11-03,Fri,India,Cheesy Veg Nuggets - 9 Pc,199.05,2.39,Fries & Sides
187,2023-11-03,Fri,India,Cheesy Veg Nuggets - 2 Pc,51.43,0.62,Fries & Sides
188,2023-11-03,Fri,India,Fries (M) + Piri Piri Mix,120,1.44,Fries & Sides
189,2023-11-03,Fri,India,Classic Corn Cup,89.52,1.08,Fries & Sides
190,2023-11-03,Fri,India,Mustard Sauce,18.15,0.22,Fries & Sides
191,2023-11-03,Fri,India,Barbeque Sauce,18.15,0.22,Fries & Sides
192,2023-11-03,Fri,India,Chilli Sauce Sachet,1.9,0.02,Fries & Sides
193,2023-11-03,Fri,India,Piri Piri Spice Mix,22.67,0.27,Fries & Sides
194,2023-11-03,Fri,India,Tomato Ketchup Sachet,0.95,0.01,Fries & Sides
195,2023-11-03,Fri,India,Classic Cheesy Dip,14.29,0.17,Fries & Sides
196,2023-11-03,Fri,India,KitKat McFlurry with Brownie (Med),137.14,1.65,Desserts
197,2023-11-03,Fri,India,KitKat McFlurry with Brownie (Reg),127.62,1.53,Desserts
198,2023-11-03,Fri,India,Kit Kat Sundae (M),99.05,1.19,Desserts
199,2023-11-03,Fri,India,Soft Serve Hot Fudge (M),64.76,0.78,Desserts
200,2023-11-03,Fri,India,Black Forest McFlurry Medium,115.24,1.39,Desserts
201,2023-11-03,Fri,India,McFlurry Oreo Medium,128.57,1.55,Desserts
202,2023-11-03,Fri,India,Soft Serve Strawberry (M),64.76,0.78,Desserts
203,2023-11-03,Fri,India,Brownie Hot Fudge (M),138.1,1.66,Desserts
204,2023-11-03,Fri,India,Vanilla Chocolate Muffin,128.57,1.55,Desserts
205,2023-11-03,Fri,India,Chocolate Chip Muffin,139.05,1.67,Desserts
206,2023-11-03,Fri,India,Blueberry Cheese Cake,228.57,2.75,Desserts
207,2023-11-03,Fri,India,Chocolate Express Cake,200,2.41,Desserts
208,2023-11-03,Fri,India,Mcflurry Oreo Small,91.43,1.1,Desserts
209,2023-11-03,Fri,India,McVeggie Happy Meal,305.72,3.68,Happy Meals
210,2023-11-03,Fri,India,McChicken Happy Meal,326.67,3.93,Happy Meals
211,2023-11-03,Fri,India,4 Pc Chicken Nuggets HM,267.62,3.22,Happy Meals
212,2023-11-03,Fri,India,McAloo Tikki Happy Meal,211.43,2.54,Happy Meals
213,2023-11-03,Fri,India,McEgg Happy Meal,237.14,2.85,Happy Meals
214,2023-11-03,Fri,India,2 Pc Chicken Nuggets HM,220,2.65,Happy Meals
215,2023-11-03,Fri,India,Birthday Party Package - McVeggie,2197.15,26.42,Happy Meals
216,2023-11-03,Fri,India,Birthday Party Package - McChicken,2197.15,26.42,Happy Meals
217,2023-11-03,Fri,India,Jain Meal - McCheese Burger Veg,399.05,4.8,Jain Friendly
218,2023-11-03,Fri,India,McCheese Burger Veg,261.9,3.15,Jain Friendly
219,2023-11-03,Fri,India,Classic Cheesy Dip,14.29,0.17,Jain Friendly
