,Date,Day,Territory,Menu Item,Price (PHP),Price (USD),Category,Menu
1,2023/10/26,Thu,Philippines,McSpaghetti Platter,199.00,3.50,McDelivery Exclusives,Regular
2,2023/10/26,Thu,Philippines,20-pc. Chicken McNuggets Bundle,495.00,8.71,McDelivery Exclusives,Regular
3,2023/10/26,Thu,Philippines,6-pc. Chicken McShare Box,399.00,7.02,McDelivery Exclusives,All Day
4,2023/10/26,Thu,Philippines,8-pc Chicken McShare Box,519.00,9.13,McDelivery Exclusives,All Day
5,2023/10/26,Thu,Philippines,Big Mac Meal,271.00,4.77,McDelivery Exclusives,Regular
6,2023/10/26,Thu,Philippines,Double Big Mac Meal,331.00,5.82,McDelivery Exclusives,Regular
7,2023/10/26,Thu,Philippines,Triple Cheeseburger Meal,273.00,4.80,McDelivery Exclusives,Regular
8,2023/10/26,Thu,Philippines,Double McChicken Meal,248.00,4.36,McDelivery Exclusives,Regular
9,2023/10/26,Thu,Philippines,Mega Meal - Chicken McDo w/ Fries & Burger McDo,221.00,3.89,McDelivery Exclusives,Breakfast
10,2023/10/26,Thu,Philippines,Mega Meal - Chicken McDo w/ Fries & McFlurry,223.00,3.92,McDelivery Exclusives,All Day
11,2023/10/26,Thu,Philippines,The BCB Meal,264.00,4.64,McDelivery Exclusives,Regular
12,2023/10/26,Thu,Philippines,Twister Fries Regular,98.00,1.72,Featured,All Day
13,2023/10/26,Thu,Philippines,Twister Fries Sharing,221.00,3.89,Featured,All Day
14,2023/10/26,Thu,Philippines,Snack Burger McShare,380.00,6.69,Featured,Regular
15,2023/10/26,Thu,Philippines,BFF Fries N' McFloat Combo,282.00,4.96,Featured,Regular
16,2023/10/26,Thu,Philippines,McShare Bundle for 3,612.00,10.77,Featured,All Day
17,2023/10/26,Thu,Philippines,McShare Bundle for 4,842.00,14.81,Featured,All Day
18,2023/10/26,Thu,Philippines,Big Breakfast Meal,182.00,3.20,Featured,Breakfast
19,2023/10/26,Thu,Philippines,Sausage McMuffin w/ Egg Meal,170.00,2.99,Featured,Breakfast
20,2023/10/26,Thu,Philippines,Egg McMuffin Meal,160.00,2.82,Featured,Breakfast
21,2023/10/26,Thu,Philippines,2-pc. Hotcakes & Sausage Meal,174.00,3.06,Featured,Breakfast
22,2023/10/26,Thu,Philippines,Longganisa w/ Egg Meal,190.00,3.34,Featured,Breakfast
23,2023/10/26,Thu,Philippines,Big Mac and Twister Fries Meal,291.00,5.12,Featured,Regular
24,2023/10/26,Thu,Philippines,McSpaghetti Platter,199.00,3.50,Group Meals,Regular
25,2023/10/26,Thu,Philippines,20-pc. Chicken McNuggets,350.00,6.16,Group Meals,Regular
26,2023/10/26,Thu,Philippines,Snack Burger McShare,380.00,6.69,Group Meals,Regular
27,2023/10/26,Thu,Philippines,20-pc. Chicken McNuggets Bundle,495.00,8.71,Group Meals,Regular
28,2023/10/26,Thu,Philippines,BFF Fries N' McFloat Combo,282.00,4.96,Group Meals,Regular
29,2023/10/26,Thu,Philippines,BFF Shake Shake Fries BBQ N' McFloat Combo,284.00,5.00,Group Meals,All Day
30,2023/10/26,Thu,Philippines,BFF Shake Shake Fries Cheese N' McFloat Combo,284.00,5.00,Group Meals,All Day
31,2023/10/26,Thu,Philippines,McShare Bundle for 3,612.00,10.77,Group Meals,All Day
32,2023/10/26,Thu,Philippines,McShare Bundle for 4,842.00,14.81,Group Meals,All Day
33,2023/10/26,Thu,Philippines,10-pc. Chicken McNuggets,175.00,3.08,Group Meals,Regular
34,2023/10/26,Thu,Philippines,6-pc. Chicken McShare Box,399.00,7.02,Group Meals,All Day
35,2023/10/26,Thu,Philippines,8-pc Chicken McShare Box,519.00,9.13,Group Meals,All Day
36,2023/10/26,Thu,Philippines,20-pc. Chicken McNuggets,350.00,6.16,Chicken,Regular
37,2023/10/26,Thu,Philippines,20-pc. Chicken McNuggets Bundle,495.00,8.71,Chicken,Regular
38,2023/10/26,Thu,Philippines,10-pc. Chicken McNuggets,175.00,3.08,Chicken,Regular
39,2023/10/26,Thu,Philippines,6-pc. Chicken McNuggets,99.00,1.74,Chicken,Regular
40,2023/10/26,Thu,Philippines,Mega Meal - Spicy Chicken McDo w/ Rice & McSpaghetti,219.00,3.85,Chicken,Regular
41,2023/10/26,Thu,Philippines,6-pc. Chicken McNuggets w/ Rice Meal,182.00,3.20,Chicken,Regular
42,2023/10/26,Thu,Philippines,1-pc. Chicken McDo & Fries Meal,176.00,3.10,Chicken,All Day
43,2023/10/26,Thu,Philippines,1-pc. Spicy Chicken McDo & Fries Meal,182.00,3.20,Chicken,All Day
44,2023/10/26,Thu,Philippines,McCrispy Chicken Fillet w/ Fries Meal,156.00,2.74,Chicken,All Day
45,2023/10/26,Thu,Philippines,McCrispy Chicken Fillet Ala King w/ Fries Meal,163.00,2.87,Chicken,All Day
46,2023/10/26,Thu,Philippines,6-pc. Chicken McNuggets w/ Fries Meal,203.00,3.57,Chicken,Regular
47,2023/10/26,Thu,Philippines,Mega Meal - Chicken McDo w/ Fries & Burger McDo,221.00,3.89,Chicken,Breakfast
48,2023/10/26,Thu,Philippines,Mega Meal - Chicken McDo w/ Fries & McFlurry,223.00,3.92,Chicken,All Day
49,2023/10/26,Thu,Philippines,Mega Meal - Spicy Chicken McDo w/ Fries & McFlurry,227.00,3.99,Chicken,Regular
50,2023/10/26,Thu,Philippines,Mega Meal - Spicy Chicken McDo w/ Fries & Burger McDo,225.00,3.96,Chicken,All Day
51,2023/10/26,Thu,Philippines,2-pc. Chicken McDo & Fries Meal,281.00,4.94,Chicken,All Day
52,2023/10/26,Thu,Philippines,2-pc. Spicy Chicken McDo & Fries Meal,293.00,5.16,Chicken,All Day
53,2023/10/26,Thu,Philippines,1-pc. Chicken McDo w/ McSpaghetti & Fries Meal,251.00,4.42,Chicken,Regular
54,2023/10/26,Thu,Philippines,1-pc. Spicy Chicken McDo w/ McSpaghetti & Fries Meal,257.00,4.52,Chicken,Regular
55,2023/10/26,Thu,Philippines,Big Mac Meal,271.00,4.77,Burgers,Regular
56,2023/10/26,Thu,Philippines,Burger McDo Meal,143.00,2.52,Burgers,All Day
57,2023/10/26,Thu,Philippines,Cheeseburger Meal,173.00,3.04,Burgers,Regular
58,2023/10/26,Thu,Philippines,Double Cheeseburger Meal,227.00,3.99,Burgers,Regular
59,2023/10/26,Thu,Philippines,McChicken Meal,215.00,3.78,Burgers,Regular
60,2023/10/26,Thu,Philippines,Quarter Pounder w/ Cheese Meal,271.00,4.77,Burgers,Regular
61,2023/10/26,Thu,Philippines,Double Big Mac Meal,331.00,5.82,Burgers,Regular
62,2023/10/26,Thu,Philippines,Double Quarter Pounder w/ Cheese Meal,327.00,5.75,Burgers,Regular
63,2023/10/26,Thu,Philippines,Triple Cheeseburger Meal,273.00,4.80,Burgers,Regular
64,2023/10/26,Thu,Philippines,Double McChicken Meal,248.00,4.36,Burgers,Regular
65,2023/10/26,Thu,Philippines,McCrispy Chicken Sandwich Meal,160.00,2.82,Burgers,All Day
66,2023/10/26,Thu,Philippines,The BCB Meal,264.00,4.64,Burgers,Regular
67,2023/10/26,Thu,Philippines,Burger McDo w/ Lettuce & Tomatoes Meal,178.00,3.13,Burgers,Regular
68,2023/10/26,Thu,Philippines,McCrispy Chicken Sandwich w/ Lettuce & Tomatoes Meal,195.00,3.43,Burgers,Regular
69,2023/10/26,Thu,Philippines,Double Cheeseburger w/ Lettuce & Tomatoes Meal,262.00,4.61,Burgers,Regular
70,2023/10/26,Thu,Philippines,"Quarter Pounder w/ Cheese, Lettuce, & Tomatoes Meal",306.00,5.38,Burgers,Regular
71,2023/10/26,Thu,Philippines,Big Mac and Twister Fries Meal,291.00,5.12,Burgers,Regular
72,2023/10/26,Thu,Philippines,McSpaghetti w/ Burger McDo Meal,142.00,2.50,McSpaghetti,Regular
73,2023/10/26,Thu,Philippines,McSpaghetti Meal,99.00,1.74,McSpaghetti,Regular
74,2023/10/26,Thu,Philippines,Mega Meal - Spicy Chicken McDo w/ Rice & McSpaghetti,219.00,3.85,McSpaghetti,Regular
75,2023/10/26,Thu,Philippines,McSpaghetti w/ Fries Meal,163.00,2.87,McSpaghetti,Regular
76,2023/10/26,Thu,Philippines,2-pc. Mushroom Pepper Steak w/ Egg Meal,212.00,3.73,Rice Bowls,Breakfast
77,2023/10/26,Thu,Philippines,1-pc. Mushroom Pepper Steak w/ Egg Meal,182.00,3.20,Rice Bowls,Breakfast
78,2023/10/26,Thu,Philippines,2-pc. Mushroom Pepper Steak & Fries Meal,201.00,3.54,Rice Bowls,Regular
79,2023/10/26,Thu,Philippines,1-pc. Mushroom Pepper Steak & Fries Meal,147.00,2.59,Rice Bowls,Regular
80,2023/10/26,Thu,Philippines,McFlurry® with Oreo®,62.00,1.09,Desserts & Drinks,All Day
81,2023/10/26,Thu,Philippines,Apple Pie,43.00,0.76,Desserts & Drinks,All Day
82,2023/10/26,Thu,Philippines,Hot Fudge Sundae,55.00,0.97,Desserts & Drinks,All Day
83,2023/10/26,Thu,Philippines,Hot Caramel Sundae,55.00,0.97,Desserts & Drinks,All Day
84,2023/10/26,Thu,Philippines,Coke McFloat,57.00,1.00,Desserts & Drinks,All Day
85,2023/10/26,Thu,Philippines,Coke,75.00,1.32,Desserts & Drinks,All Day
86,2023/10/26,Thu,Philippines,Coke Zero,75.00,1.32,Desserts & Drinks,All Day
87,2023/10/26,Thu,Philippines,Sprite,75.00,1.32,Desserts & Drinks,All Day
88,2023/10/26,Thu,Philippines,Orange Juice,82.00,1.44,Desserts & Drinks,All Day
89,2023/10/26,Thu,Philippines,Pineapple Juice,82.00,1.44,Desserts & Drinks,All Day
90,2023/10/26,Thu,Philippines,Iced Tea,82.00,1.44,Desserts & Drinks,All Day
91,2023/10/26,Thu,Philippines,McCafé Coffee Float,82.00,1.44,McCafé,All Day
92,2023/10/26,Thu,Philippines,Choco Chip Cookies,80.00,1.41,McCafé,All Day
93,2023/10/26,Thu,Philippines,Oreo Cheesecake,170.00,2.99,McCafé,All Day
94,2023/10/26,Thu,Philippines,Dark Chocolate Cake,150.00,2.64,McCafé,All Day
95,2023/10/26,Thu,Philippines,Blueberry Cheesecake,170.00,2.99,McCafé,All Day
96,2023/10/26,Thu,Philippines,Sausage Croissant,130.00,2.29,McCafé,All Day
97,2023/10/26,Thu,Philippines,Chicken Pesto Wrap,175.00,3.08,McCafé,All Day
98,2023/10/26,Thu,Philippines,Cheese and Bacon Croissant,135.00,2.38,McCafé,All Day
99,2023/10/26,Thu,Philippines,Caramel Cinnamon,110.00,1.94,McCafé,All Day
100,2023/10/26,Thu,Philippines,Choco Chip Banana Slice,85.00,1.50,McCafé,All Day
101,2023/10/26,Thu,Philippines,Macchiato,95.00,1.67,McCafé,All Day
102,2023/10/26,Thu,Philippines,Espresso,95.00,1.67,McCafé,All Day
103,2023/10/26,Thu,Philippines,McCafé Black Tea,95.00,1.67,McCafé,All Day
104,2023/10/26,Thu,Philippines,McCafé Peppermint Tea,95.00,1.67,McCafé,All Day
105,2023/10/26,Thu,Philippines,McCafé Jasmine Tea,95.00,1.67,McCafé,All Day
106,2023/10/26,Thu,Philippines,McCafé Premium Roast Coffee,57.00,1.00,McCafé,All Day
107,2023/10/26,Thu,Philippines,McCafé Iced Coffee Vanilla,72.00,1.27,McCafé,All Day
108,2023/10/26,Thu,Philippines,McCafé Iced Coffee Original,61.00,1.07,McCafé,All Day
109,2023/10/26,Thu,Philippines,McCafé Iced Coffee Chocolate,72.00,1.27,McCafé,All Day
110,2023/10/26,Thu,Philippines,Americano,135.00,2.38,McCafé,All Day
111,2023/10/26,Thu,Philippines,Cappuccino,145.00,2.55,McCafé,All Day
112,2023/10/26,Thu,Philippines,Café Latte,145.00,2.55,McCafé,All Day
113,2023/10/26,Thu,Philippines,Flat White,145.00,2.55,McCafé,All Day
114,2023/10/26,Thu,Philippines,Mochaccino,150.00,2.64,McCafé,All Day
115,2023/10/26,Thu,Philippines,McCafé Iced Mocha,155.00,2.73,McCafé,All Day
116,2023/10/26,Thu,Philippines,McCafé Iced Chocolate,145.00,2.55,McCafé,All Day
117,2023/10/26,Thu,Philippines,McCafé Iced Latte,145.00,2.55,McCafé,All Day
118,2023/10/26,Thu,Philippines,McCafé Iced Tea,125.00,2.20,McCafé,All Day
119,2023/10/26,Thu,Philippines,McCafé Iced Americano,140.00,2.46,McCafé,All Day
120,2023/10/26,Thu,Philippines,Strawberry Smoothie,155.00,2.73,McCafé,All Day
121,2023/10/26,Thu,Philippines,Dalandan Smoothie,155.00,2.73,McCafé,All Day
122,2023/10/26,Thu,Philippines,McCafé Double Choco Frappe,170.00,2.99,McCafé,All Day
123,2023/10/26,Thu,Philippines,McCafé Mocha Frappe,165.00,2.90,McCafé,All Day
124,2023/10/26,Thu,Philippines,McCafé Caramel Frappe,165.00,2.90,McCafé,All Day
125,2023/10/26,Thu,Philippines,McCafé Mocha Oreo Frappe,175.00,3.08,McCafé,All Day
126,2023/10/26,Thu,Philippines,McCafé Caramel Oreo Frappe,175.00,3.08,McCafé,All Day
127,2023/10/26,Thu,Philippines,McCafé Strawberry Oreo Frappe,165.00,2.90,McCafé,All Day
128,2023/10/26,Thu,Philippines,Premium Hot Chocolate,145.00,2.55,McCafé,Breakfast
129,2023/10/26,Thu,Philippines,Americano,119.00,2.09,McCafé,All Day
130,2023/10/26,Thu,Philippines,Cappuccino,129.00,2.27,McCafé,All Day
131,2023/10/26,Thu,Philippines,Cafe Latte,129.00,2.27,McCafé,All Day
132,2023/10/26,Thu,Philippines,Mochaccino,134.00,2.36,McCafé,All Day
133,2023/10/26,Thu,Philippines,Iced Mocha,132.00,2.32,McCafé,All Day
134,2023/10/26,Thu,Philippines,Iced Latte,122.00,2.15,McCafé,All Day
135,2023/10/26,Thu,Philippines,Iced Americano,107.00,1.88,McCafé,All Day
136,2023/10/26,Thu,Philippines,BFF Fries,169.00,2.97,Fries & Extras,All Day
137,2023/10/26,Thu,Philippines,Extra Gravy,11.00,0.19,Fries & Extras,All Day
138,2023/10/26,Thu,Philippines,Hash Browns,57.00,1.00,Fries & Extras,Breakfast
139,2023/10/26,Thu,Philippines,Extra McSpaghetti Sauce,25.00,0.44,Fries & Extras,Regular
140,2023/10/26,Thu,Philippines,Extra Cheese,17.00,0.30,Fries & Extras,All Day
141,2023/10/26,Thu,Philippines,Extra Butter,11.00,0.19,Fries & Extras,Breakfast
142,2023/10/26,Thu,Philippines,Extra Maple Syrup,11.00,0.19,Fries & Extras,Breakfast
143,2023/10/26,Thu,Philippines,Extra Plain Rice,39.00,0.69,Fries & Extras,All Day
144,2023/10/26,Thu,Philippines,Extra Mayonnaise,17.00,0.30,Fries & Extras,All Day
145,2023/10/26,Thu,Philippines,Extra McCrispy Chicken Fillet Ala King Sauce,11.00,0.19,Fries & Extras,All Day
146,2023/10/26,Thu,Philippines,Extra Sweet N' Sour Sauce,17.00,0.30,Fries & Extras,All Day
147,2023/10/26,Thu,Philippines,Extra BBQ Sauce,17.00,0.30,Fries & Extras,All Day
148,2023/10/26,Thu,Philippines,Extra Mushroom Pepper Steak Sauce,11.00,0.19,Fries & Extras,Regular
149,2023/10/26,Thu,Philippines,Extra BBQ Powder,10.00,0.18,Fries & Extras,All Day
150,2023/10/26,Thu,Philippines,Extra Cheese Powder,10.00,0.18,Fries & Extras,Breakfast
151,2023/10/26,Thu,Philippines,Extra Garlic Rice,46.00,0.81,Fries & Extras,Breakfast
152,2023/10/26,Thu,Philippines,Tartar Sauce,17.00,0.30,Fries & Extras,Regular
153,2023/10/26,Thu,Philippines,Thousand Island Sauce,18.00,0.32,Fries & Extras,Regular
154,2023/10/26,Thu,Philippines,Buttered Corn,53.00,0.93,Fries & Extras,All Day
155,2023/10/26,Thu,Philippines,Twister Fries Regular,98.00,1.72,Fries & Extras,All Day
156,2023/10/26,Thu,Philippines,Twister Fries Sharing,221.00,3.89,Fries & Extras,All Day
157,2023/10/26,Thu,Philippines,BFF Shake Shake Fries BBQ N' McFloat Combo,284.00,5.00,Fries & Extras,All Day
158,2023/10/26,Thu,Philippines,BFF Shake Shake Fries Cheese N' McFloat Combo,284.00,5.00,Fries & Extras,All Day
159,2023/10/26,Thu,Philippines,Large Fries N' McFloat Combo,135.00,2.38,Fries & Extras,All Day
160,2023/10/26,Thu,Philippines,Shake Shake Fries BBQ N' McFloat Combo,123.00,2.16,Fries & Extras,All Day
161,2023/10/26,Thu,Philippines,Large Shake Shake Fries BBQ N' McFloat Combo,148.00,2.60,Fries & Extras,All Day
162,2023/10/26,Thu,Philippines,Shake Shake Fries Cheese N' McFloat Combo,123.00,2.16,Fries & Extras,All Day
163,2023/10/26,Thu,Philippines,Large Shake Shake Fries Cheese N' McFloat Combo,148.00,2.60,Fries & Extras,All Day
164,2023/10/26,Thu,Philippines,Shake Shake Fries BBQ,93.00,1.64,Fries & Extras,All Day
165,2023/10/26,Thu,Philippines,Shake Shake Fries Cheese,93.00,1.64,Fries & Extras,All Day
166,2023/10/26,Thu,Philippines,Fries,83.00,1.46,Fries & Extras,All Day
167,2023/10/26,Thu,Philippines,4-pc. Chicken McNuggets Happy Meal,147.00,2.59,Happy Meal,Regular
168,2023/10/26,Thu,Philippines,Cheesy Eggdesal Happy Meal,131.00,2.30,Happy Meal,Breakfast
169,2023/10/26,Thu,Philippines,McSpaghetti Happy Meal,140.00,2.46,Happy Meal,Regular
170,2023/10/26,Thu,Philippines,2-pc. Hotcakes Happy Meal,129.00,2.27,Happy Meal,Breakfast
171,2023/10/26,Thu,Philippines,Burger McDo Happy Meal,129.00,2.27,Happy Meal,All Day
172,2023/10/26,Thu,Philippines,1-pc. Chicken McDo Happy Meal,185.00,3.25,Happy Meal,All Day
173,2023/10/26,Thu,Philippines,McDo Party Box 999 (Good for 5),999.00,17.58,McDo Party Box,All Day
174,2023/10/26,Thu,Philippines,Big Breakfast Meal,182.00,3.20,BREAKFAST HOURS,Breakfast
175,2023/10/26,Thu,Philippines,Sausage McMuffin w/ Egg Meal,170.00,2.99,BREAKFAST HOURS,Breakfast
176,2023/10/26,Thu,Philippines,Cheesy Eggdesal Meal,134.00,2.36,BREAKFAST HOURS,Breakfast
177,2023/10/26,Thu,Philippines,Longganisa w/ Egg Meal,190.00,3.34,BREAKFAST HOURS,Breakfast
178,2023/10/26,Thu,Philippines,Big Mac Meal,271.00,4.77,LUNCH HOURS,Regular
179,2023/10/26,Thu,Philippines,1-pc. Chicken McDo & Fries Meal,176.00,3.10,LUNCH HOURS,All Day
180,2023/10/26,Thu,Philippines,McCrispy Chicken Fillet w/ Fries Meal,156.00,2.74,LUNCH HOURS,All Day
181,2023/10/26,Thu,Philippines,1-pc. Spicy Chicken McDo & Fries Meal,182.00,3.20,LUNCH HOURS,Regular
182,2023/10/26,Thu,Philippines,Snack Burger McShare,380.00,6.69,PM SNACK HOURS,Regular
183,2023/10/26,Thu,Philippines,BFF Fries N' McFloat Combo,282.00,4.96,PM SNACK HOURS,Regular
184,2023/10/26,Thu,Philippines,6-pc. Chicken McNuggets,99.00,1.74,PM SNACK HOURS,Regular
185,2023/10/26,Thu,Philippines,McCafé Iced Coffee Vanilla,72.00,1.27,PM SNACK HOURS,All Day
186,2023/10/26,Thu,Philippines,6-pc. Chicken McNuggets w/ Fries Meal,203.00,3.57,PM SNACK HOURS,Regular
187,2023/10/26,Thu,Philippines,1-pc. Spicy Chicken McDo & Fries Meal,182.00,3.20,PM SNACK HOURS,Regular
188,2023/10/26,Thu,Philippines,1-pc. Spicy Chicken McDo & Fries Meal,182.00,3.20,DINNER HOURS,Regular
189,2023/10/26,Thu,Philippines,BFF Fries,169.00,2.97,AFTER DINNER HOURS,All Day
190,2023/10/26,Thu,Philippines,1-pc. Spicy Chicken McDo & Fries Meal,182.00,3.20,AFTER DINNER HOURS,Regular
191,2023/10/26,Thu,Philippines,Hash Browns,57.00,1.00,,Breakfast
192,2023/10/26,Thu,Philippines,Fries,83.00,1.46,Add-ons,All Day
193,2023/10/26,Thu,Philippines,"Party Hats, Tray Mats, Balloons, and Classic Happy Meal Toys",50.00,0.88,,All Day
194,2023/10/26,Thu,Philippines,McCrispy Chicken Sandwich Solo,64.00,1.13,Add-ons,All Day
195,2023/10/26,Thu,Philippines,Shake Shake Fries BBQ,93.00,1.64,Add-ons,All Day
196,2023/10/26,Thu,Philippines,Cheeseburger Solo,79.00,1.39,Add-ons,All Day
197,2023/10/26,Thu,Philippines,Free 6-pc. Chicken McNuggets,0.00,0.00,Add-ons,All Day
198,2023/10/26,Thu,Philippines,Shake Shake Fries Honey Butter,75.00,1.32,Add-ons,All Day
199,2023/10/26,Thu,Philippines,Burger McDo Solo,44.00,0.77,Add-ons,All Day
200,2023/10/26,Thu,Philippines,Coke McFloat,57.00,1.00,Add-ons,All Day
201,2023/10/26,Thu,Philippines,Free Big Mac Solo,0.00,0.00,Add-ons,All Day
202,2023/10/26,Thu,Philippines,Free Quarter Pounder with Cheese,0.00,0.00,Add-ons,All Day
203,2023/10/26,Thu,Philippines,Free Cheeseburger Solo,0.00,0.00,Add-ons,All Day
204,2023/10/26,Thu,Philippines,Extra Tomatoes,15.00,0.26,Add-ons,Regular
205,2023/10/26,Thu,Philippines,Extra Lettuce & Tomatoes,35.00,0.62,Add-ons,Regular
206,2023/10/26,Thu,Philippines,Free McCrispy Chicken Sandwich,0.00,0.00,Add-ons,All Day
207,2023/10/26,Thu,Philippines,Free Double Cheeseburger,0.00,0.00,Add-ons,Regular
208,2023/10/26,Thu,Philippines,Free Double Cheeseburger Small Meal,0.00,0.00,Add-ons,Regular
209,2023/10/26,Thu,Philippines,Free McSpicy Solo,0.00,0.00,Add-ons,Regular
210,2023/10/26,Thu,Philippines,Free 1pc Spicy Chicken McDo Small Meal,0.00,0.00,Add-ons,Regular
211,2023/10/26,Thu,Philippines,Free Big Mac Solo,0.00,0.00,Add-ons,All Day
212,2023/10/26,Thu,Philippines,Free Double Cheeseburger Solo,0.00,0.00,Add-ons,All Day
213,2023/10/26,Thu,Philippines,Free Big Mac Solo,0.00,0.00,Add-ons,All Day
214,2023/10/26,Thu,Philippines,Free Quarter Pounder w/ Cheese,0.00,0.00,Add-ons,All Day
215,2023/10/26,Thu,Philippines,Free Double Cheeseburger,0.00,0.00,Add-ons,All Day
216,2023/10/26,Thu,Philippines,Free McSpaghetti Platter,0.00,0.00,Add-ons,All Day
217,2023/10/26,Thu,Philippines,Free McSpaghetti Platter,0.00,0.00,Add-ons,All Day
218,2023/10/26,Thu,Philippines,Free Coke McFloat Medium,0.00,0.00,Add-ons,All Day
219,2023/10/26,Thu,Philippines,Free Small Fries,0.00,0.00,Add-ons,All Day
220,2023/10/26,Thu,Philippines,Free Medium Fries,0.00,0.00,Add-ons,All Day
221,2023/10/26,Thu,Philippines,McSpaghetti Platter,199.00,3.50,McDelivery Exclusive,Regular
222,2023/10/26,Thu,Philippines,Add-on: BT21 Toy - Chimmy,150.00,2.64,Add-ons,All Day
223,2023/10/26,Thu,Philippines,Add-on: BT21 Toy - Cooky,150.00,2.64,Add-ons,All Day
224,2023/10/26,Thu,Philippines,Add-on: BT21 Toy - Koya,150.00,2.64,Add-ons,All Day
225,2023/10/26,Thu,Philippines,Add-on: BT21 Toy - Mang,150.00,2.64,Add-ons,All Day
226,2023/10/26,Thu,Philippines,Add-on: BT21 Toy - RJ,150.00,2.64,Add-ons,All Day
227,2023/10/26,Thu,Philippines,Add-on: BT21 Toy - Shooky,150.00,2.64,Add-ons,All Day
228,2023/10/26,Thu,Philippines,Add-on: BT21 Toy - Tata,150.00,2.64,Add-ons,All Day
229,2023/10/26,Thu,Philippines,20-pc. Chicken McNuggets Bundle,495.00,8.71,McDelivery Exclusive,Regular
230,2023/10/26,Thu,Philippines,6-pc. Chicken McShare Box,399.00,7.02,McDelivery Exclusive,All Day
231,2023/10/26,Thu,Philippines,8-pc Chicken McShare Box,519.00,9.13,McDelivery Exclusive,All Day
232,2023/10/26,Thu,Philippines,Big Breakfast Meal,182.00,3.20,,Breakfast
233,2023/10/26,Thu,Philippines,Sausage McMuffin w/ Egg Meal,170.00,2.99,,Breakfast
234,2023/10/26,Thu,Philippines,Sausage McMuffin Meal,150.00,2.64,,Breakfast
235,2023/10/26,Thu,Philippines,Egg McMuffin Meal,160.00,2.82,,Breakfast
236,2023/10/26,Thu,Philippines,Cheesy Eggdesal w/ Sausage Meal,162.00,2.85,,Breakfast
237,2023/10/26,Thu,Philippines,Cheesy Eggdesal w/ Ham Meal,154.00,2.71,,Breakfast
238,2023/10/26,Thu,Philippines,Cheesy Eggdesal Meal,134.00,2.36,,Breakfast
239,2023/10/26,Thu,Philippines,2-pc. Hotcakes & Sausage Meal,174.00,3.06,,Breakfast
240,2023/10/26,Thu,Philippines,2-pc. Mushroom Pepper Steak w/ Egg Meal,212.00,3.73,,Breakfast
241,2023/10/26,Thu,Philippines,1-pc. Mushroom Pepper Steak w/ Egg Meal,182.00,3.20,,Breakfast
242,2023/10/26,Thu,Philippines,Sausage w/ Egg Meal,190.00,3.34,,Breakfast
243,2023/10/26,Thu,Philippines,Longganisa w/ Egg Meal,190.00,3.34,,Breakfast
244,2023/10/26,Thu,Philippines,McCrispy Chicken Fillet w/ Egg Meal,174.00,3.06,,Breakfast
245,2023/10/26,Thu,Philippines,McCrispy Chicken Fillet Ala King w/ Egg Meal,177.00,3.11,,Breakfast
246,2023/10/26,Thu,Philippines,1-pc. Chicken McDo w/ Egg Meal,230.00,4.05,,Breakfast
247,2023/10/26,Thu,Philippines,1-pc. Spicy Chicken McDo & Egg Meal,236.00,4.15,,Breakfast
248,2023/10/26,Thu,Philippines,2-pc. Chicken McDo w/ Egg Meal,282.00,4.96,,Breakfast
249,2023/10/26,Thu,Philippines,2-pc. Spicy Chicken McDo & Egg Meal,294.00,5.17,,Breakfast
250,2023/10/26,Thu,Philippines,Big Mac Meal,271.00,4.77,McDelivery Exclusive,Regular
251,2023/10/26,Thu,Philippines,Double Big Mac Meal,331.00,5.82,McDelivery Exclusive,Regular
252,2023/10/26,Thu,Philippines,Triple Cheeseburger Meal,273.00,4.80,McDelivery Exclusive,Regular
253,2023/10/26,Thu,Philippines,Mega Meal - Chicken McDo w/ Fries & Burger McDo,221.00,3.89,McDelivery Exclusive,Breakfast
254,2023/10/26,Thu,Philippines,Mega Meal - Chicken McDo w/ Fries & McFlurry,223.00,3.92,McDelivery Exclusive,All Day
255,2023/10/26,Thu,Philippines,The BCB Meal,264.00,4.64,McDelivery Exclusive,Regular
256,2023/10/26,Thu,Philippines,2-pc. Hotcakes with Hashbrown Meal,137.00,2.41,,Breakfast
