,Date,Day,Territory,Menu Item,Price (LKR),Price (USD),Category,Menu
1,2023/10/26,Thu,Sri Lanka,Crispy Chicken 02 PC,1220.00,3.73,Ala Carte & Value Meals,Regular
2,2023/10/26,Thu,Sri Lanka,Crispy Chicken 05 PC,3080.00,9.43,Ala Carte & Value Meals,Regular
3,2023/10/26,Thu,Sri Lanka,Spicy chicken footlong,930.00,2.85,Ala Carte & Value Meals,Regular
4,2023/10/26,Thu,Sri Lanka,Crispy Chicken Wrap,840.00,2.57,Ala Carte & Value Meals,Regular
5,2023/10/26,Thu,Sri Lanka,McSpicy Chicken Wrap,1700.00,5.20,Ala Carte & Value Meals,Regular
6,2023/10/26,Thu,Sri Lanka,Crispy Chicken Burger,580.00,1.77,Ala Carte & Value Meals,Regular
7,2023/10/26,Thu,Sri Lanka,Chicken Junior,780.00,2.39,Ala Carte & Value Meals,Regular
8,2023/10/26,Thu,Sri Lanka,Beefburger,1050.00,3.21,Ala Carte & Value Meals,Regular
9,2023/10/26,Thu,Sri Lanka,Cheeseburger,1200.00,3.67,Ala Carte & Value Meals,Regular
10,2023/10/26,Thu,Sri Lanka,Double Cheeseburger,1880.00,5.75,Ala Carte & Value Meals,Regular
11,2023/10/26,Thu,Sri Lanka,Big Mac,1820.00,5.57,Ala Carte & Value Meals,Regular
12,2023/10/26,Thu,Sri Lanka,McChicken Burger,1700.00,5.20,Ala Carte & Value Meals,Regular
13,2023/10/26,Thu,Sri Lanka,McSpicy Chicken Burger,1100.00,3.37,Ala Carte & Value Meals,Regular
14,2023/10/26,Thu,Sri Lanka,Chicken Big Mac,1700.00,5.20,Ala Carte & Value Meals,Regular
15,2023/10/26,Thu,Sri Lanka,Chicken McNuggets 6 PC,1500.00,4.59,Ala Carte & Value Meals,Regular
16,2023/10/26,Thu,Sri Lanka,Chicken McNuggets 9 PC,2090.00,6.40,Ala Carte & Value Meals,Regular
17,2023/10/26,Thu,Sri Lanka,McSpicy Wings 3 PC,570.00,1.74,Ala Carte & Value Meals,Regular
18,2023/10/26,Thu,Sri Lanka,McSpicy Wings 6 PC,1070.00,3.27,Ala Carte & Value Meals,Regular
19,2023/10/26,Thu,Sri Lanka,Filet-O-Fish,1380.00,4.22,Ala Carte & Value Meals,Regular
20,2023/10/26,Thu,Sri Lanka,Veggie Burger,1100.00,3.37,Ala Carte & Value Meals,Regular
21,2023/10/26,Thu,Sri Lanka,Sausage & Egg Burger,580.00,1.77,Breakfast & Value Meals,Breakfast
22,2023/10/26,Thu,Sri Lanka,Egg Burger,440.00,1.35,Breakfast & Value Meals,Breakfast
23,2023/10/26,Thu,Sri Lanka,Omelette Burger,460.00,1.41,Breakfast & Value Meals,Breakfast
24,2023/10/26,Thu,Sri Lanka,Hash Brown,340.00,1.04,Breakfast & Value Meals,Breakfast
25,2023/10/26,Thu,Sri Lanka,Crispy Chicken Wrap,840.00,2.57,Breakfast & Value Meals,Breakfast
26,2023/10/26,Thu,Sri Lanka,Crispy Chicken Burger,580.00,1.77,Breakfast & Value Meals,Breakfast
27,2023/10/26,Thu,Sri Lanka,Chicken Junior,780.00,2.39,Breakfast & Value Meals,Breakfast
28,2023/10/26,Thu,Sri Lanka,McSpicy Chicken Burger,1100.00,3.37,Breakfast & Value Meals,Breakfast
29,2023/10/26,Thu,Sri Lanka,Double Chicken Rice meal,1250.00,3.83,Rice,Regular
30,2023/10/26,Thu,Sri Lanka,Curry N Rice,560.00,1.71,Rice,Regular
31,2023/10/26,Thu,Sri Lanka,McRice Chicken,970.00,2.97,Rice,Regular
32,2023/10/26,Thu,Sri Lanka,McRice - Fish,970.00,2.97,Rice,Regular
33,2023/10/26,Thu,Sri Lanka,McRice - Vegetable,970.00,2.97,Rice,Regular
34,2023/10/26,Thu,Sri Lanka,Fries,570.00,1.74,Salads/Sides,Regular
35,2023/10/26,Thu,Sri Lanka,Choco Chip McFlurry,1040.00,3.18,Desserts,Regular
36,2023/10/26,Thu,Sri Lanka,OREO McFLURRY,1040.00,3.18,Desserts,Regular
37,2023/10/26,Thu,Sri Lanka,Chocolate Sundae,730.00,2.23,Desserts,Regular
38,2023/10/26,Thu,Sri Lanka,Strawberry Sundae,730.00,2.23,Desserts,Regular
39,2023/10/26,Thu,Sri Lanka,Plain Sundae,640.00,1.96,Desserts,Regular
40,2023/10/26,Thu,Sri Lanka,Chocolate flavoured milk,410.00,1.25,Beverages,Regular
41,2023/10/26,Thu,Sri Lanka,Coke zero,310.00,0.95,Beverages,Regular
42,2023/10/26,Thu,Sri Lanka,Coke,370.00,1.13,Beverages,Regular
43,2023/10/26,Thu,Sri Lanka,Fanta,370.00,1.13,Beverages,Regular
44,2023/10/26,Thu,Sri Lanka,Sprite,370.00,1.13,Beverages,Regular
45,2023/10/26,Thu,Sri Lanka,Water,120.00,0.37,Beverages,Regular
46,2023/10/26,Thu,Sri Lanka,Happy Crispy Burger Meal,1000.00,3.06,Happy Meals,Regular
47,2023/10/26,Thu,Sri Lanka,Happy Meal Rice - Chicken,1000.00,3.06,Happy Meals,Regular
48,2023/10/26,Thu,Sri Lanka,Happy Meal Beef,1750.00,5.36,Happy Meals,Regular
49,2023/10/26,Thu,Sri Lanka,Happy Meal Cheeseburger,1850.00,5.66,Happy Meals,Regular
50,2023/10/26,Thu,Sri Lanka,Happy Meal 4 Nugget,1490.00,4.56,Happy Meals,Regular
51,2023/10/26,Thu,Sri Lanka,Indulge and Cheer,2880.00,8.81,Promotion & Bundle Meals,Regular
52,2023/10/26,Thu,Sri Lanka,Rice Combo,1500.00,4.59,Promotion & Bundle Meals,Regular
53,2023/10/26,Thu,Sri Lanka,Spicy Feast,1500.00,4.59,Promotion & Bundle Meals,Regular
54,2023/10/26,Thu,Sri Lanka,Wrap and Wings Combo,950.00,2.91,Promotion & Bundle Meals,Regular
55,2023/10/26,Thu,Sri Lanka,Share box Rice Bundles,7720.00,23.62,Promotion & Bundle Meals,Regular
56,2023/10/26,Thu,Sri Lanka,Share box Chicken Bundles,7720.00,23.62,Promotion & Bundle Meals,Regular
57,2023/10/26,Thu,Sri Lanka,Share box Beef Bundles,9080.00,27.79,Promotion & Bundle Meals,Regular
58,2023/10/26,Thu,Sri Lanka,Fries,570.00,1.74,Salads/Sides,Breakfast
59,2023/10/26,Thu,Sri Lanka,Choco Chip McFlurry,1040.00,3.18,Desserts,Breakfast
60,2023/10/26,Thu,Sri Lanka,OREO McFLURRY,1040.00,3.18,Desserts,Breakfast
61,2023/10/26,Thu,Sri Lanka,Chocolate Sundae,730.00,2.23,Desserts,Breakfast
62,2023/10/26,Thu,Sri Lanka,Strawberry Sundae,730.00,2.23,Desserts,Breakfast
63,2023/10/26,Thu,Sri Lanka,Plain Sundae,640.00,1.96,Desserts,Breakfast
64,2023/10/26,Thu,Sri Lanka,Chocolate flavoured milk,410.00,1.25,Beverages,Breakfast
65,2023/10/26,Thu,Sri Lanka,Coke zero,310.00,0.95,Beverages,Breakfast
66,2023/10/26,Thu,Sri Lanka,Coke,370.00,1.13,Beverages,Breakfast
67,2023/10/26,Thu,Sri Lanka,Fanta,370.00,1.13,Beverages,Breakfast
68,2023/10/26,Thu,Sri Lanka,Sprite,370.00,1.13,Beverages,Breakfast
69,2023/10/26,Thu,Sri Lanka,Water,120.00,0.37,Beverages,Breakfast
70,2023/10/26,Thu,Sri Lanka,Happy Crispy Burger Meal,1000.00,3.06,Happy Meals,Breakfast
